-- MySQL dump 10.13  Distrib 5.6.20, for Linux (i686)
--
-- Host: localhost    Database: scmth
-- ------------------------------------------------------
-- Server version	5.6.20

/*!40101 SET @OLD_CHARACTER_SET_CLIENT=@@CHARACTER_SET_CLIENT */;
/*!40101 SET @OLD_CHARACTER_SET_RESULTS=@@CHARACTER_SET_RESULTS */;
/*!40101 SET @OLD_COLLATION_CONNECTION=@@COLLATION_CONNECTION */;
/*!40101 SET NAMES utf8 */;
/*!40103 SET @OLD_TIME_ZONE=@@TIME_ZONE */;
/*!40103 SET TIME_ZONE='+00:00' */;
/*!40014 SET @OLD_UNIQUE_CHECKS=@@UNIQUE_CHECKS, UNIQUE_CHECKS=0 */;
/*!40014 SET @OLD_FOREIGN_KEY_CHECKS=@@FOREIGN_KEY_CHECKS, FOREIGN_KEY_CHECKS=0 */;
/*!40101 SET @OLD_SQL_MODE=@@SQL_MODE, SQL_MODE='NO_AUTO_VALUE_ON_ZERO' */;
/*!40111 SET @OLD_SQL_NOTES=@@SQL_NOTES, SQL_NOTES=0 */;

--
-- Table structure for table `asignacion`
--

DROP TABLE IF EXISTS `asignacion`;
/*!40101 SET @saved_cs_client     = @@character_set_client */;
/*!40101 SET character_set_client = utf8 */;
CREATE TABLE `asignacion` (
  `id_paciente` int(5) NOT NULL,
  `id_filtro` int(7) NOT NULL,
  `fecha_asignacion` timestamp NOT NULL DEFAULT CURRENT_TIMESTAMP,
  UNIQUE KEY `id_filtro` (`id_filtro`),
  UNIQUE KEY `id_paciente` (`id_paciente`),
  CONSTRAINT `asignacion_ibfk_1` FOREIGN KEY (`id_paciente`) REFERENCES `paciente` (`id_paciente`) ON DELETE CASCADE ON UPDATE CASCADE,
  CONSTRAINT `asignacion_ibfk_2` FOREIGN KEY (`id_filtro`) REFERENCES `filtro` (`id_filtro`) ON DELETE CASCADE ON UPDATE CASCADE
) ENGINE=InnoDB DEFAULT CHARSET=latin1;
/*!40101 SET character_set_client = @saved_cs_client */;

--
-- Dumping data for table `asignacion`
--

LOCK TABLES `asignacion` WRITE;
/*!40000 ALTER TABLE `asignacion` DISABLE KEYS */;
INSERT INTO `asignacion` VALUES (1,1,'2014-11-30 16:29:11'),(2,2,'2014-11-30 16:31:25'),(3,3,'2014-11-30 16:33:22'),(4,4,'2014-11-30 16:34:19'),(5,5,'2014-11-30 16:35:59'),(6,6,'2014-11-30 16:36:46'),(7,7,'2014-11-30 16:38:06'),(8,8,'2014-11-30 16:39:34'),(9,9,'2014-11-30 16:40:47'),(10,10,'2014-11-30 16:42:21'),(11,11,'2014-11-30 16:43:15'),(12,12,'2014-11-30 16:44:02'),(13,13,'2014-11-30 16:44:35'),(14,14,'2014-11-30 16:51:39'),(15,15,'2014-11-30 16:52:19'),(16,16,'2014-11-30 16:52:59'),(17,17,'2014-11-30 16:53:53'),(18,18,'2014-11-30 16:54:46'),(19,19,'2014-11-30 16:55:26'),(20,20,'2014-11-30 16:56:20'),(21,21,'2014-11-30 16:56:47'),(22,22,'2014-11-30 16:57:20'),(23,23,'2014-11-30 16:57:50'),(24,24,'2014-11-30 16:58:37'),(25,25,'2014-11-30 16:59:18'),(26,26,'2014-11-30 17:04:22'),(27,27,'2014-11-30 17:05:06'),(28,28,'2014-11-30 17:05:39'),(29,29,'2014-11-30 17:07:27'),(30,30,'2014-11-30 17:08:04'),(31,31,'2014-11-30 17:08:37'),(32,32,'2014-11-30 17:09:04'),(33,33,'2014-11-30 17:09:38'),(34,34,'2014-11-30 17:10:08'),(35,35,'2014-11-30 17:10:42'),(36,36,'2014-11-30 17:11:15'),(37,37,'2014-11-30 17:11:43'),(38,38,'2014-11-30 17:12:30'),(39,39,'2014-11-30 17:13:03'),(40,40,'2014-11-30 17:13:31'),(41,41,'2014-11-30 17:14:18'),(42,42,'2014-11-30 17:15:08'),(43,43,'2014-11-30 17:15:39'),(44,44,'2014-11-30 17:16:12'),(45,45,'2014-11-30 17:16:45'),(46,46,'2014-11-30 17:17:19'),(47,47,'2014-11-30 17:17:59'),(48,48,'2014-11-30 17:18:46'),(49,49,'2014-11-30 17:19:16'),(50,50,'2014-11-30 17:19:50'),(51,51,'2014-11-30 17:20:43'),(52,52,'2014-11-30 17:21:50'),(53,53,'2014-11-30 17:22:24'),(54,54,'2014-11-30 17:23:30'),(55,55,'2014-11-30 17:24:14'),(56,56,'2014-11-30 17:24:54'),(57,57,'2014-11-30 17:25:28'),(58,58,'2014-11-30 17:26:01'),(59,59,'2014-11-30 17:26:34'),(60,60,'2014-11-30 17:27:08'),(61,61,'2014-11-30 17:28:08'),(62,62,'2014-11-30 17:28:35'),(63,63,'2014-11-30 17:29:01'),(64,64,'2014-11-30 17:29:35'),(65,65,'2014-11-30 17:30:09'),(66,66,'2014-11-30 17:30:42'),(67,67,'2014-11-30 17:31:09'),(68,68,'2014-11-30 17:31:43'),(69,69,'2014-11-30 17:32:13'),(70,70,'2014-11-30 17:32:47'),(71,71,'2014-11-30 17:33:57'),(72,72,'2014-11-30 17:34:43'),(73,73,'2014-11-30 17:35:33'),(74,74,'2014-11-30 17:36:13'),(75,75,'2014-11-30 17:37:37'),(76,76,'2014-11-30 17:38:44'),(77,77,'2014-11-30 17:39:45'),(78,78,'2014-11-30 17:40:44'),(79,79,'2014-11-30 17:41:18'),(80,80,'2014-11-30 12:10:06'),(81,81,'2014-11-30 12:11:24'),(82,82,'2014-11-30 12:12:24'),(83,83,'2014-11-30 12:14:09'),(84,84,'2014-11-30 12:14:49'),(85,85,'2014-11-30 12:15:35'),(86,86,'2014-11-30 12:16:29'),(87,87,'2014-11-30 12:17:09'),(88,88,'2014-11-30 12:17:53'),(89,89,'2014-11-30 12:18:20'),(90,90,'2014-11-30 12:19:00');
/*!40000 ALTER TABLE `asignacion` ENABLE KEYS */;
UNLOCK TABLES;

--
-- Table structure for table `filtro`
--

DROP TABLE IF EXISTS `filtro`;
/*!40101 SET @saved_cs_client     = @@character_set_client */;
/*!40101 SET character_set_client = utf8 */;
CREATE TABLE `filtro` (
  `id_filtro` int(7) NOT NULL AUTO_INCREMENT,
  `numero_lavado` int(2) NOT NULL DEFAULT '0',
  `estado_filtro` varchar(20) NOT NULL DEFAULT 'NUEVO',
  `razon_desecho` varchar(100) DEFAULT NULL,
  PRIMARY KEY (`id_filtro`)
) ENGINE=InnoDB AUTO_INCREMENT=106 DEFAULT CHARSET=latin1;
/*!40101 SET character_set_client = @saved_cs_client */;

--
-- Dumping data for table `filtro`
--

LOCK TABLES `filtro` WRITE;
/*!40000 ALTER TABLE `filtro` DISABLE KEYS */;
INSERT INTO `filtro` VALUES (1,1,'USO',''),(2,1,'USO',''),(3,1,'USO',''),(4,1,'USO',''),(5,1,'USO',''),(6,1,'USO',''),(7,1,'USO',''),(8,1,'USO',''),(9,1,'USO',''),(10,1,'USO',''),(11,1,'USO',''),(12,1,'USO',''),(13,1,'USO',''),(14,1,'USO',''),(15,1,'USO',''),(16,1,'USO',''),(17,1,'USO',''),(18,1,'USO',''),(19,1,'USO',''),(20,1,'USO',''),(21,1,'USO',''),(22,1,'USO',''),(23,1,'USO',''),(24,1,'USO',''),(25,1,'USO',''),(26,1,'USO',''),(27,1,'USO',''),(28,1,'USO',''),(29,1,'USO',''),(30,1,'USO',''),(31,1,'USO',''),(32,1,'USO',''),(33,1,'USO',''),(34,1,'USO',''),(35,1,'USO',''),(36,1,'USO',''),(37,1,'USO',''),(38,1,'USO',''),(39,1,'USO',''),(40,1,'USO',''),(41,1,'USO',''),(42,1,'USO',''),(43,1,'USO',''),(44,1,'USO',''),(45,1,'USO',''),(46,1,'USO',''),(47,1,'USO',''),(48,1,'USO',''),(49,1,'USO',''),(50,1,'USO',''),(51,1,'USO',''),(52,1,'USO',''),(53,1,'USO',''),(54,1,'USO',''),(55,1,'USO',''),(56,1,'USO',''),(57,1,'USO',''),(58,1,'USO',''),(59,1,'USO',''),(60,1,'USO',''),(61,1,'USO',''),(62,1,'USO',''),(63,1,'USO',''),(64,1,'USO',''),(65,1,'USO',''),(66,1,'USO',''),(67,1,'USO',''),(68,1,'USO',''),(69,1,'USO',''),(70,1,'USO',''),(71,1,'USO',''),(72,1,'USO',''),(73,1,'USO',''),(74,1,'USO',''),(75,1,'USO',''),(76,1,'USO',''),(77,1,'USO',''),(78,1,'USO',''),(79,1,'USO',''),(80,1,'USO',''),(81,1,'USO',''),(82,1,'USO',''),(83,1,'USO',''),(84,1,'USO',''),(85,1,'USO',''),(86,1,'USO',''),(87,1,'USO',''),(88,1,'USO',''),(89,1,'USO',''),(90,1,'USO',''),(91,0,'NUEVO',NULL),(92,0,'NUEVO',NULL),(93,0,'NUEVO',NULL),(94,0,'NUEVO',NULL),(95,0,'NUEVO',NULL),(96,0,'NUEVO',NULL),(97,0,'NUEVO',NULL),(98,0,'NUEVO',NULL),(99,0,'NUEVO',NULL),(100,0,'NUEVO',NULL),(101,0,'NUEVO',NULL),(102,0,'NUEVO',NULL),(103,0,'NUEVO',NULL),(104,0,'NUEVO',NULL),(105,0,'NUEVO',NULL);
/*!40000 ALTER TABLE `filtro` ENABLE KEYS */;
UNLOCK TABLES;

--
-- Table structure for table `paciente`
--

DROP TABLE IF EXISTS `paciente`;
/*!40101 SET @saved_cs_client     = @@character_set_client */;
/*!40101 SET character_set_client = utf8 */;
CREATE TABLE `paciente` (
  `id_paciente` int(5) NOT NULL AUTO_INCREMENT,
  `nombre` varchar(30) NOT NULL,
  `apellidos` varchar(30) NOT NULL,
  `direccion` varchar(50) NOT NULL,
  `correo` varchar(50) NOT NULL,
  `telefono` varchar(15) NOT NULL,
  `celular` varchar(15) NOT NULL,
  `sexo` varchar(10) NOT NULL,
  `edad` int(3) NOT NULL,
  `fecha_registro` timestamp NOT NULL DEFAULT CURRENT_TIMESTAMP,
  PRIMARY KEY (`id_paciente`)
) ENGINE=InnoDB AUTO_INCREMENT=91 DEFAULT CHARSET=latin1;
/*!40101 SET character_set_client = @saved_cs_client */;

--
-- Dumping data for table `paciente`
--

LOCK TABLES `paciente` WRITE;
/*!40000 ALTER TABLE `paciente` DISABLE KEYS */;
INSERT INTO `paciente` VALUES (1,'APOLINAR DOMINGO','AMADOR ANTONIO','Av. del Roble s/n. Col. Del Bosque, Hercules','amador43_1@hotmail.com','5143291','9515443291','M',56,'2014-11-30 16:29:06'),(2,'JOAQUIN','AMBROSIO GARCIA','Km. 1.5 camino a los Olvera, Corregidora','joaquin1234@homail.com','550989','951305968','M',37,'2014-11-30 16:31:18'),(3,'ELENA','ANDRES CRUZ','conocido','cruzandre_gn@gmail.com','5144901','9511427489','F',57,'2014-11-30 16:33:19'),(4,'ANGEL','ARAGON RAMIREZ','Primavera Oriente No. 31. Centro','S/C@SC.COM','S/T','9510909322','M',39,'2014-11-30 16:34:19'),(5,'RAFAELA YSABEL','BARRAGAN','S/D','S/C@NO.COM','5296672','9513733111','F',56,'2014-11-30 16:35:59'),(6,'JUAN ELVIO','BERNABÉ CUEVAS','S/N','S/C@NO.COM','5189898','9517289385','M',44,'2014-11-30 16:36:45'),(7,'JULIO CESAR','CALDERON LOPEZ','S/D','S/C@NO.COM','S/C@NO.COM','9517722845','M',35,'2014-11-30 16:38:00'),(8,'MARIANO OSCAR','CANSECO GARCIA','CONOCIDO','S/C@NO.COM','548686','9516758493','M',61,'2014-11-30 16:39:33'),(9,'PEDRO','CARRADA MARTINEZ','S/D','S/C@NO.COM','5167676','92147483647','M',43,'2014-11-30 16:40:41'),(10,'JAIME JORGE','CASTELLANOS','NO','S/C@SC.COM','NO','NO','M',34,'2014-11-30 16:42:20'),(11,'ELENA DE LA CRUZ','CASTELLANOS PINELO','NO','NO@NO.COM','NO','NO','F',39,'2014-11-30 16:43:15'),(12,'MARIA ELENA','CASTRO MORALES','NO','NO@NO.COM','NO','NO','F',55,'2014-11-30 16:43:57'),(13,'ANA MARIA','CHAVEZ FELIX','NO','NO@NO.COM','FELIX','FELIX','F',58,'2014-11-30 16:44:34'),(14,'MARIA DEL CARMEN','CID BAUTISTA','NO','NO@NO.COM','NO','NO','F',43,'2014-11-30 16:51:35'),(15,'ELSA','CONTRERAS CASTILLO','NO','NO@NO.COM','NO','NO','F',36,'2014-11-30 16:52:17'),(16,'LUCIA','CORTES LOPEZ','NO','NO@NO.COM','NO','NO','F',32,'2014-11-30 16:52:54'),(17,'DIEGO','CRUZ CRUZ','NO','NO@NO.COM','NO','NO','M',37,'2014-11-30 16:53:48'),(18,'CRECENCIANO','CRUZ HERNANDEZ','NO','NO@NO.COM','NO','NO','M',44,'2014-11-30 16:54:46'),(19,'VERONICA JULIETA','CRUZ PEREZ','NO','NO@NO.COM','NO','NO','F',55,'2014-11-30 16:55:25'),(20,'LEA','CRUZ RAMIREZ','NO','NO@NO.COM','NO','NO','F',26,'2014-11-30 16:56:17'),(21,'REYNA','DIONICIO LEYVA','NO','NO@NO.COM','NO','NO','F',66,'2014-11-30 16:56:46'),(22,'ROGELIO','DURAN CASTELLANOS','NO','NO@NO.COM','NO','NO','M',49,'2014-11-30 16:57:18'),(23,'MARINA','ELORZA BRAVO ','NO','NO@NO.COM','NO','NO','F',48,'2014-11-30 16:57:50'),(24,'GERARDO MIGUEL','ESTEVA ','JUAREZ','NO@NO.COM','NO','NO','M',55,'2014-11-30 16:58:36'),(25,'RENE','FRANCO HERNANDEZ','NO','NO@NO.COM','NO','NO','M',46,'2014-11-30 16:59:15'),(26,'ESTEBAN LEANDRO','GANDARILLAS CASTILLO','NO','NO@NO.COM','NO','NO','M',37,'2014-11-30 17:04:18'),(27,'GUSTAVO PRIMITIVO','GARCIA RODRIGUEZ','NO','NO@NO.COM','NO','NO','M',19,'2014-11-30 17:05:04'),(28,'SERGIO','GARCIA ROMERO','NO','NO@NO.COM','NO','NO','M',71,'2014-11-30 17:05:39'),(29,'GUADALUPE EUSEBIO','GAYTAN ROMERO','NO','NO@NO.COM','NO','NO','F',49,'2014-11-30 17:07:20'),(30,'MANUEL ADALBERTO','GARCIA RODRIGUEZ','NO','NO@NO.COM','NO','NO','M',43,'2014-11-30 17:08:01'),(31,'FELIPE','GIL JIMENEZ','NO','NO@NO.COM','NO','NO','M',26,'2014-11-30 17:08:32'),(32,'EMILIANO','GOMEZ GONZALEZ','NO','NO@NO.COM','NO','NO','M',41,'2014-11-30 17:09:00'),(33,'LORENZO MIGUEL','GOMEZ RAMIREZ ','NO','NO@NO.COM','NO','NO','M',37,'2014-11-30 17:09:33'),(34,'VICTOR','HERNANDEZ ','NO','NO@NO.COM','NO','NO','M',55,'2014-11-30 17:10:06'),(35,'MELESIA','ILESCAS RENDON','NO','NO@NO.COM','NO','NO','M',66,'2014-11-30 17:10:39'),(36,'ROSA','JARQUIN VASQUEZ','NO','NO@NO.COM','NO','NO','F',45,'2014-11-30 17:11:13'),(37,'RUBEN','JIMENEZ ANTONIO','NO','NO@NO.COM','NO','NO','M',44,'2014-11-30 17:11:40'),(38,'FLAVIA','JOSE ANTONIO','NO','NO@NO.COM','NO','NO','F',55,'2014-11-30 17:12:29'),(39,'MARTIN SEBASTIAN','LARA CASTELLANOS','NO','NO@NO.COM','NO','NO','M',33,'2014-11-30 17:12:59'),(40,'REY FERNANDO','LOAEZA GARCIA','NO','NO@NO.COM','NO','NO','M',56,'2014-11-30 17:13:27'),(41,'JUAN CARLOS','LOPEZ CARRASCO','NO','NO@NO.COM','NO','NO','M',37,'2014-11-30 17:14:12'),(42,'CIBILINA','LOPEZ GARCIA','NO','NO@NO.COM','NO','NO','F',41,'2014-11-30 17:15:07'),(43,'MARIA ALFA','LOPEZ MARTINEZ','NO','NO@NO.COM','NO','NO','F',44,'2014-11-30 17:15:35'),(44,'MARGARITA DEL SOCORRO','LOPEZ PINACHO','NO','NO@NO.COM','NO','NO','F',38,'2014-11-30 17:16:06'),(45,'AMERICA LOURDES','LOPEZ TRUJILLO','NO','NO@NO.COM','NO','NO','F',28,'2014-11-30 17:16:45'),(46,'EDUARDO','LOPEZ ZACATECO','NO','NO@NO.COM','NO','NO','M',60,'2014-11-30 17:17:18'),(47,'BENJAMIN','LOYOLA DIAZ','NO','NO@NO.COM','NO','NO','M',49,'2014-11-30 17:17:57'),(48,'ADRIAN','LUNA MARTINEZ','NO','NO@NO.COM','NO','NO','M',17,'2014-11-30 17:18:43'),(49,'NOE','LUNA ROMAN ','NO','NO@NO.COM','NO','NO','M',51,'2014-11-30 17:19:13'),(50,'MARIO FLORENTINO','MACIAS FRIAS','NO','NO@NO.COM','NO','NO','M',25,'2014-11-30 17:19:46'),(51,'ESPERANZA','MARTINEZ BAUTISTA ','NO','NO@NO.COM','NO','NO','M',50,'2014-11-30 17:20:42'),(52,'JULIO','MARTINEZ BAUTISTA ','NO','NO@NO.COM','NO','NO','M',56,'2014-11-30 17:21:47'),(53,'MONICA ROXANA','MARTINEZ CABRERA','NO','NO@NO.COM','NO','NO','F',66,'2014-11-30 17:22:23'),(54,'LUZ MARIA','MARTINEZ VDA. DE ESTRADA','NO','NO@NO.COM','NO','NO','F',42,'2014-11-30 17:23:28'),(55,'GENARO','MEJIA CALLEJA','NO','NO@NO.COM','NO','NO','M',50,'2014-11-30 17:24:10'),(56,'BERTIN','MENDOZA SORIANO','NO','NO@NO.COM','NO','NO','M',65,'2014-11-30 17:24:54'),(57,'FRANCISCA','MIGUEL SILVA','NO','NO@NO.COM','NO','NO','M',33,'2014-11-30 17:25:27'),(58,'MARCELINO','MOLINA CARILLO','NO','NO@NO.COM','NO','NO','M',28,'2014-11-30 17:26:00'),(59,'MAXIMO ARTEMIO','MORALES MENDEZ','NO','NO@NO.COM','NO','NO','M',49,'2014-11-30 17:26:33'),(60,'YADIRA LILIANA','MUÑIZ ESPINOZA','NO','NO@NO.COM','NO','NO','F',55,'2014-11-30 17:27:06'),(61,'ALICIA MARIA MAGDALENA','NAVA','NO','NO@NO.COM','NO','NO','M',44,'2014-11-30 17:28:02'),(62,'ANTONIO','NUÑEZ LOPEZ','NO','NO@NO.COM','NO','NO','M',17,'2014-11-30 17:28:34'),(63,'FILIBERTA','NUÑEZ RODRIGUEZ','NO','NO@NO.COM','NO','NO','F',16,'2014-11-30 17:29:01'),(64,'EZEQUIEL MIGUEL','ORTEGA RODRIGUEZ','NO','NO@NO.COM','NO','NO','M',46,'2014-11-30 17:29:32'),(65,'PLACIDA JUANA','PABLO MARTINEZ','NO','NO@NO.COM','NO','NO','F',66,'2014-11-30 17:30:07'),(66,'ALBERTO','PACHECO GARCIA','NO','NO@NO.COM','NO','NO','M',33,'2014-11-30 17:30:39'),(67,'MARIA MARGARITA','PASCUAL QUINTANILLA','NO','NO@NO.COM','NO','NO','F',26,'2014-11-30 17:31:38'),(68,'GUADALUPE','PERALTA GONZALEZ','NO','NO@NO.COM','NO','NO','F',51,'2014-11-30 17:32:11'),(69,'VICTOR','PERALTA JIMENEZ','NO','NO@NO.COM','NO','NO','M',56,'2014-11-30 17:32:47'),(70,'CONCEPCION ANAHI','PEREZ REYES','NO','NO@NO.COM','NO','NO','F',66,'2014-11-30 17:33:51'),(71,'PIEDAD ESMIRNA','RAMIREZ CRUZ','NO','NO@NO.COM','NO','NO','F',44,'2014-11-30 17:34:39'),(72,'PETRA GLORIA','RAMIREZ JIMENEZ','NO','NO@NO.COM','NO','NO','F',49,'2014-11-30 17:35:29'),(73,'JOSE JUAN','RAMIREZ LOPEZ','NO','NO@NO.COM','NO','NO','M',40,'2014-11-30 17:36:11'),(74,'LUIS ANTONIO','RAMIREZ MUÑOZ','NO','NO@NO.COM','NO','NO','M',33,'2014-11-30 17:37:34'),(75,'MARDUK MAVIEL','RAMIREZ VALVERDE','NO','NO@NO.COM','NO','NO','M',55,'2014-11-30 17:38:41'),(76,'LORENA BELEM','RAMOS GARCIA','NO','NO@NO.COM','NO','NO','F',31,'2014-11-30 17:39:41'),(77,'JERONIMO FELIPE','REYES MENDEZ','NO','NO@NO.COM','NO','NO','M',44,'2014-11-30 17:40:43'),(78,'JOSE','RODRIGUEZ GONZALEZ','NO','NO@NO.COM','NO','NO','M',17,'2014-11-30 17:42:14'),(79,'LEONOR ANTONIA','RODRIGUEZ LOPEZ','NO','NO@NO.COM','NO','NO','F',30,'2014-11-30 17:43:18'),(80,'IMELDA','PACHECO PEREZ','NO','NO@NO.COM','NO','NO','F',66,'2014-11-30 12:10:06'),(81,'MARGARITA','RITO MORALES','NO','NO@NO.COM','NO','NO','F',11,'2014-11-30 12:11:17'),(82,'DORA GUADALUPE','ROMERO MIJANGOS','NO','NO@NO.COM','NO','NO','F',44,'2014-11-30 12:12:24'),(83,'JUVENTINO','RUEDA GONZALEZ','NO','NO@NO.COM','NO','NO','M',30,'2014-11-30 12:14:04'),(84,'SADOT','RUIZ ELORZA','NO','NO@NO.COM','NO','NO','M',69,'2014-11-30 12:14:46'),(85,'REYNA ELBA','RUIZ RUIZ','NO','NO@NO.COM','NO','NO','F',55,'2014-11-30 12:15:35'),(86,'EUSEBIO','SALINAS','NO','NO@NO.COM','NO','NO','M',51,'2014-11-30 12:16:23'),(87,'NESHELY DONAJI','SALINAS SANCHEZ','NO','NO@NO.COM','NO','NO','F',46,'2014-11-30 12:17:04'),(88,'BALTAZAR REYES','SANCHEZ PEREZ','NO','NO@NO.COM','NO','NO','M',35,'2014-11-30 12:17:51'),(89,'SERGIO','SANTIAGO LOPEZ ','NO','NO@NO.COM','NO','NO','M',33,'2014-11-30 12:18:16'),(90,'FRANCISCA','SANTIAGO VDA. DE CANSECO','NO','NO@NO.COM','NO','NO','F',25,'2014-11-30 12:18:55');
/*!40000 ALTER TABLE `paciente` ENABLE KEYS */;
UNLOCK TABLES;

--
-- Table structure for table `registro`
--

DROP TABLE IF EXISTS `registro`;
/*!40101 SET @saved_cs_client     = @@character_set_client */;
/*!40101 SET character_set_client = utf8 */;
CREATE TABLE `registro` (
  `id_paciente` int(5) NOT NULL,
  `id_filtro` int(7) NOT NULL,
  `fecha_lavado` timestamp NOT NULL DEFAULT CURRENT_TIMESTAMP,
  KEY `id_paciente` (`id_paciente`),
  KEY `id_filtro` (`id_filtro`),
  CONSTRAINT `registro_ibfk_1` FOREIGN KEY (`id_paciente`) REFERENCES `paciente` (`id_paciente`) ON DELETE CASCADE ON UPDATE CASCADE,
  CONSTRAINT `registro_ibfk_2` FOREIGN KEY (`id_filtro`) REFERENCES `filtro` (`id_filtro`) ON DELETE CASCADE ON UPDATE CASCADE
) ENGINE=InnoDB DEFAULT CHARSET=latin1;
/*!40101 SET character_set_client = @saved_cs_client */;

--
-- Dumping data for table `registro`
--

LOCK TABLES `registro` WRITE;
/*!40000 ALTER TABLE `registro` DISABLE KEYS */;
INSERT INTO `registro` VALUES (1,1,'2014-11-30 12:21:18'),(7,7,'2014-11-30 12:22:01'),(25,25,'2014-11-30 12:22:15'),(27,27,'2014-11-30 12:22:30'),(30,30,'2014-11-30 12:23:17'),(35,35,'2014-11-30 12:23:30'),(37,37,'2014-11-30 12:23:39'),(47,47,'2014-11-30 12:23:52'),(49,49,'2014-11-30 12:24:10'),(52,52,'2014-11-30 12:24:19'),(90,90,'2014-11-30 12:24:41'),(74,74,'2014-11-30 12:24:54'),(4,4,'2014-11-30 12:25:07'),(11,11,'2014-11-30 12:25:32'),(86,86,'2014-11-30 12:25:45'),(44,44,'2014-11-30 12:25:59'),(81,81,'2014-11-30 12:26:37'),(66,66,'2014-11-30 12:26:44'),(72,72,'2014-11-30 12:27:08'),(69,69,'2014-11-30 12:27:57'),(57,57,'2014-11-30 12:28:12'),(77,77,'2014-11-30 12:28:37'),(5,5,'2014-11-30 12:29:11'),(20,20,'2014-11-30 12:29:46'),(59,59,'2014-11-30 12:30:17'),(61,61,'2014-11-30 12:30:43'),(84,84,'2014-11-30 12:30:57'),(63,63,'2014-11-30 12:31:21'),(3,3,'2014-11-29 12:36:34'),(14,14,'2014-11-29 12:37:07'),(2,2,'2014-11-29 12:37:23'),(6,6,'2014-11-29 12:37:36'),(12,12,'2014-11-29 12:38:32'),(15,15,'2014-11-29 12:38:49'),(16,16,'2014-11-29 12:38:59'),(21,21,'2014-11-29 12:39:24'),(22,22,'2014-11-29 12:39:41'),(23,23,'2014-11-29 12:39:56'),(31,31,'2014-11-29 12:40:10'),(32,32,'2014-11-29 12:40:28'),(33,33,'2014-11-29 12:40:48'),(40,40,'2014-11-29 12:41:08'),(41,41,'2014-11-29 12:41:22'),(42,42,'2014-11-29 12:41:55'),(50,50,'2014-11-29 12:42:14'),(51,51,'2014-11-29 12:42:28'),(53,53,'2014-11-29 12:42:47'),(62,62,'2014-11-29 12:43:00'),(64,64,'2014-11-29 12:43:11'),(60,60,'2014-11-29 12:43:40'),(70,70,'2014-11-29 12:45:59'),(71,71,'2014-11-29 12:46:12'),(73,73,'2014-11-29 12:46:22'),(75,75,'2014-11-29 12:46:35'),(80,80,'2014-11-29 12:46:53'),(82,82,'2014-11-29 12:47:06'),(83,83,'2014-11-29 12:47:31'),(85,85,'2014-11-29 12:47:50'),(87,87,'2014-11-29 12:48:04'),(88,88,'2014-11-29 12:48:17'),(8,8,'2014-11-28 12:49:19'),(9,9,'2014-11-28 12:50:26'),(10,10,'2014-11-28 12:50:35'),(13,13,'2014-11-28 12:50:41'),(17,17,'2014-11-28 12:50:53'),(18,18,'2014-11-28 12:51:10'),(19,19,'2014-11-28 12:51:15'),(24,24,'2014-11-28 12:51:34'),(26,26,'2014-11-28 12:51:44'),(28,28,'2014-11-28 12:51:54'),(29,29,'2014-11-28 12:52:04'),(34,34,'2014-11-28 12:52:27'),(36,36,'2014-11-28 12:52:39'),(38,38,'2014-11-28 12:52:51'),(39,39,'2014-11-28 12:53:00'),(43,43,'2014-11-28 12:53:18'),(45,45,'2014-11-28 12:53:27'),(46,46,'2014-11-28 12:53:38'),(48,48,'2014-11-28 12:53:52'),(54,54,'2014-11-28 12:54:05'),(55,55,'2014-11-28 12:54:14'),(56,56,'2014-11-28 12:54:25'),(58,58,'2014-11-28 12:54:36'),(65,65,'2014-11-28 12:54:48'),(67,67,'2014-11-28 12:54:59'),(68,68,'2014-11-28 12:55:06'),(76,76,'2014-11-28 12:56:02'),(78,78,'2014-11-28 12:56:17'),(79,79,'2014-11-28 12:56:30'),(89,89,'2014-11-28 12:56:42');
/*!40000 ALTER TABLE `registro` ENABLE KEYS */;
UNLOCK TABLES;

--
-- Table structure for table `usuario`
--

DROP TABLE IF EXISTS `usuario`;
/*!40101 SET @saved_cs_client     = @@character_set_client */;
/*!40101 SET character_set_client = utf8 */;
CREATE TABLE `usuario` (
  `id_usuario` int(2) NOT NULL AUTO_INCREMENT,
  `usuario` varchar(30) NOT NULL,
  `contrasenia` varchar(30) NOT NULL,
  `nombre` varchar(30) NOT NULL,
  `correo` varchar(50) NOT NULL,
  `tipo` varchar(10) NOT NULL,
  `estado` varchar(10) NOT NULL,
  PRIMARY KEY (`id_usuario`)
) ENGINE=InnoDB AUTO_INCREMENT=2 DEFAULT CHARSET=latin1;
/*!40101 SET character_set_client = @saved_cs_client */;

--
-- Dumping data for table `usuario`
--

LOCK TABLES `usuario` WRITE;
/*!40000 ALTER TABLE `usuario` DISABLE KEYS */;
INSERT INTO `usuario` VALUES (1,'admin','12345','Luis Ricardo','luis_fobia92@gmail.com','A','Y');
/*!40000 ALTER TABLE `usuario` ENABLE KEYS */;
UNLOCK TABLES;
/*!40103 SET TIME_ZONE=@OLD_TIME_ZONE */;

/*!40101 SET SQL_MODE=@OLD_SQL_MODE */;
/*!40014 SET FOREIGN_KEY_CHECKS=@OLD_FOREIGN_KEY_CHECKS */;
/*!40014 SET UNIQUE_CHECKS=@OLD_UNIQUE_CHECKS */;
/*!40101 SET CHARACTER_SET_CLIENT=@OLD_CHARACTER_SET_CLIENT */;
/*!40101 SET CHARACTER_SET_RESULTS=@OLD_CHARACTER_SET_RESULTS */;
/*!40101 SET COLLATION_CONNECTION=@OLD_COLLATION_CONNECTION */;
/*!40111 SET SQL_NOTES=@OLD_SQL_NOTES */;

-- Dump completed on 2014-11-30 14:06:55
